[{"model": "core.ingredient", "pk": 1, "fields": {"uuid": "0fe7dd49-0ccc-4a6a-b85a-4ac828d169c8", "name": "Zelfrijzende Bloem", "brand": null, "language": "nl", "barcode": null, "default_unit": null, "calories": null, "fat": null, "fat_saturated": null, "carbs": null, "carbs_sugar": null, "proteine": null}}, {"model": "core.ingredient", "pk": 2, "fields": {"uuid": "8f0cc748-10a8-47af-9986-d7daf6b9b520", "name": "Eieren", "brand": null, "language": "nl", "barcode": null, "default_unit": null, "calories": null, "fat": null, "fat_saturated": null, "carbs": null, "carbs_sugar": null, "proteine": null}}, {"model": "core.ingredient", "pk": 3, "fields": {"uuid": "e7a17ac1-868b-4158-a57c-fc7052fe7418", "name": "Halfvolle Melk", "brand": null, "language": "nl", "barcode": null, "default_unit": null, "calories": null, "fat": null, "fat_saturated": null, "carbs": null, "carbs_sugar": null, "proteine": null}}, {"model": "core.ingredient", "pk": 4, "fields": {"uuid": "7d5b86ee-d509-4aea-9265-003abf0850b9", "name": "Vanillesuiker", "brand": null, "language": "nl", "barcode": null, "default_unit": null, "calories": null, "fat": null, "fat_saturated": null, "carbs": null, "carbs_sugar": null, "proteine": null}}, {"model": "core.ingredient", "pk": 5, "fields": {"uuid": "2feba2d2-9ceb-47a2-97bd-23874460f43a", "name": "Vanillebloem", "brand": null, "language": "nl", "barcode": null, "default_unit": null, "calories": null, "fat": null, "fat_saturated": null, "carbs": null, "carbs_sugar": null, "proteine": null}}, {"model": "core.ingredient", "pk": 6, "fields": {"uuid": "774dc8f0-51e7-4d61-97f7-3ce8fd0040f0", "name": "Olijfolie", "brand": null, "language": "nl", "barcode": null, "default_unit": null, "calories": null, "fat": null, "fat_saturated": null, "carbs": null, "carbs_sugar": null, "proteine": null}}, {"model": "core.ingredient", "pk": 7, "fields": {"uuid": "952ff809-dde3-4b0a-9464-9adced426c95", "name": "Rozijnen", "brand": null, "language": "nl", "barcode": null, "default_unit": null, "calories": null, "fat": null, "fat_saturated": null, "carbs": null, "carbs_sugar": null, "proteine": null}}, {"model": "core.ingredient", "pk": 8, "fields": {"uuid": "fae5dae4-90d8-459b-956b-bc298e56b2a0", "name": "Rum", "brand": null, "language": "nl", "barcode": null, "default_unit": null, "calories": null, "fat": null, "fat_saturated": null, "carbs": null, "carbs_sugar": null, "proteine": null}}, {"model": "core.ingredient", "pk": 9, "fields": {"uuid": "ade0cd6f-c8f0-4992-8ed2-72dfbef8e3bb", "name": "Vanillestokje", "brand": null, "language": "nl", "barcode": null, "default_unit": null, "calories": null, "fat": null, "fat_saturated": null, "carbs": null, "carbs_sugar": null, "proteine": null}}, {"model": "core.ingredient", "pk": 10, "fields": {"uuid": "636fbc68-da4e-4117-8d24-fa3453a2867d", "name": "Oud wit brood", "brand": null, "language": "nl", "barcode": null, "default_unit": null, "calories": null, "fat": null, "fat_saturated": null, "carbs": null, "carbs_sugar": null, "proteine": null}}, {"model": "core.ingredient", "pk": 11, "fields": {"uuid": "a2336e28-455b-4a2b-b8ec-43aaf6134e21", "name": "Kaneelpoeder", "brand": null, "language": "nl", "barcode": null, "default_unit": null, "calories": null, "fat": null, "fat_saturated": null, "carbs": null, "carbs_sugar": null, "proteine": null}}, {"model": "core.ingredient", "pk": 12, "fields": {"uuid": "6415a69f-0456-49fa-b5a7-c62e8e787dee", "name": "Bruine Suiker", "brand": null, "language": "nl", "barcode": null, "default_unit": null, "calories": null, "fat": null, "fat_saturated": null, "carbs": null, "carbs_sugar": null, "proteine": null}}, {"model": "core.ingredient", "pk": 13, "fields": {"uuid": "5772b9aa-2682-4a36-8c7a-f8ee85291ff3", "name": "Peperkoek", "brand": null, "language": "nl", "barcode": null, "default_unit": null, "calories": null, "fat": null, "fat_saturated": null, "carbs": null, "carbs_sugar": null, "proteine": null}}, {"model": "core.ingredient", "pk": 14, "fields": {"uuid": "0badd687-3a4d-4d44-a0cb-9fdf010ae9d8", "name": "Witte Chocolade", "brand": null, "language": "nl", "barcode": null, "default_unit": null, "calories": null, "fat": null, "fat_saturated": null, "carbs": null, "carbs_sugar": null, "proteine": null}}, {"model": "core.ingredient", "pk": 15, "fields": {"uuid": "46ef03f9-9989-454e-a22f-81a662f318d3", "name": "Zout", "brand": null, "language": "nl", "barcode": null, "default_unit": null, "calories": null, "fat": null, "fat_saturated": null, "carbs": null, "carbs_sugar": null, "proteine": null}}, {"model": "core.ingredient", "pk": 16, "fields": {"uuid": "cb7f1bc3-dec8-497d-8c1b-3103db97d3fc", "name": "Boter", "brand": null, "language": "nl", "barcode": null, "default_unit": null, "calories": null, "fat": null, "fat_saturated": null, "carbs": null, "carbs_sugar": null, "proteine": null}}, {"model": "core.recipeingredient", "pk": 1, "fields": {"recipe": 1, "ingredient": 1, "amount": 500.0, "unit": "g"}}, {"model": "core.recipeingredient", "pk": 2, "fields": {"recipe": 1, "ingredient": 2, "amount": 4.0, "unit": null}}, {"model": "core.recipeingredient", "pk": 3, "fields": {"recipe": 1, "ingredient": 3, "amount": 1.0, "unit": "liter"}}, {"model": "core.recipeingredient", "pk": 4, "fields": {"recipe": 1, "ingredient": 4, "amount": 2.0, "unit": "pakjes"}}, {"model": "core.recipeingredient", "pk": 5, "fields": {"recipe": 1, "ingredient": 5, "amount": 1.0, "unit": "pakje"}}, {"model": "core.recipeingredient", "pk": 6, "fields": {"recipe": 1, "ingredient": 6, "amount": 1.0, "unit": "lepel"}}, {"model": "core.recipeingredient", "pk": 7, "fields": {"recipe": 2, "ingredient": 7, "amount": 100.0, "unit": "g"}}, {"model": "core.recipeingredient", "pk": 8, "fields": {"recipe": 2, "ingredient": 8, "amount": 0.5, "unit": "dl"}}, {"model": "core.recipeingredient", "pk": 9, "fields": {"recipe": 2, "ingredient": 3, "amount": 6.0, "unit": "dl"}}, {"model": "core.recipeingredient", "pk": 10, "fields": {"recipe": 2, "ingredient": 9, "amount": 1.0, "unit": null}}, {"model": "core.recipeingredient", "pk": 11, "fields": {"recipe": 2, "ingredient": 10, "amount": 400.0, "unit": "g"}}, {"model": "core.recipeingredient", "pk": 12, "fields": {"recipe": 2, "ingredient": 11, "amount": 1.0, "unit": "lepel"}}, {"model": "core.recipeingredient", "pk": 13, "fields": {"recipe": 2, "ingredient": 12, "amount": 80.0, "unit": "g"}}, {"model": "core.recipeingredient", "pk": 14, "fields": {"recipe": 2, "ingredient": 2, "amount": 3.0, "unit": null}}, {"model": "core.recipeingredient", "pk": 15, "fields": {"recipe": 2, "ingredient": 13, "amount": 3.0, "unit": "sneetjes"}}, {"model": "core.recipeingredient", "pk": 16, "fields": {"recipe": 2, "ingredient": 14, "amount": 100.0, "unit": "g"}}, {"model": "core.recipeingredient", "pk": 17, "fields": {"recipe": 2, "ingredient": 15, "amount": 1.0, "unit": "snuifje"}}, {"model": "core.recipeingredient", "pk": 18, "fields": {"recipe": 2, "ingredient": 16, "amount": 2.0, "unit": "klontjes"}}, {"model": "core.recipestep", "pk": 1, "fields": {"description": "Klop de melk en de eierdooiers luchtig op", "recipe": 1, "step": 1, "image": ""}}, {"model": "core.recipestep", "pk": 2, "fields": {"description": "Voeg de bloem en de olijfolie toe", "recipe": 1, "step": 2, "image": ""}}, {"model": "core.recipestep", "pk": 3, "fields": {"description": "Klop het eiwit stijf met de suiker en voeg het toe aan het deeg", "recipe": 1, "step": 3, "image": ""}}, {"model": "core.recipestep", "pk": 4, "fields": {"description": "Roer goed", "recipe": 1, "step": 4, "image": ""}}, {"model": "core.recipestep", "pk": 5, "fields": {"description": "Bak de pannekoeken", "recipe": 1, "step": 5, "image": ""}}, {"model": "core.recipestep", "pk": 6, "fields": {"description": "Verwarm de oven voor op 170 Celsius", "recipe": 2, "step": 1, "image": ""}}, {"model": "core.recipestep", "pk": 7, "fields": {"description": "Doe de rozijnen in een schaaltje en schenk er de rum bij. Laat de rozijnen hierin wellen.", "recipe": 2, "step": 2, "image": ""}}, {"model": "core.recipestep", "pk": 8, "fields": {"description": "Zet een pot of pannetje op een zacht vuur en schenk hierin de melk", "recipe": 2, "step": 3, "image": ""}}, {"model": "core.recipestep", "pk": 9, "fields": {"description": "Snij de vanillestok overlangs en schraap er met de mespunt de zaadjes uit. Voeg de vanillezaadjes en de lege peul toe aan de melk.  Verhit de vanillemelk op een zacht vuur.", "recipe": 2, "step": 4, "image": ""}}, {"model": "core.recipestep", "pk": 10, "fields": {"description": "Snij ondertussen de sneetjes (oud) brood in grove stukken van zo\u2019n 2 bij 2 cm. De korstjes kan je gewoon mee versnijden. Doe de stukjes brood in een mengschaal.", "recipe": 2, "step": 5, "image": ""}}, {"model": "core.recipestep", "pk": 11, "fields": {"description": "Voeg het kaneelpoeder en de bruine suiker toe, samen met de eieren.", "recipe": 2, "step": 6, "image": ""}}, {"model": "core.recipestep", "pk": 12, "fields": {"description": "Snij de schijfjes peperkoek in kleine brokjes.", "recipe": 2, "step": 7, "image": ""}}, {"model": "core.recipestep", "pk": 13, "fields": {"description": "Schep ook de gewelde rozijntjes in de mengschaal (zonder het vocht).", "recipe": 2, "step": 8, "image": ""}}, {"model": "core.recipestep", "pk": 14, "fields": {"description": "Vis de peul van de vanillestok uit de warme melk en schenk de melk over de broodmengeling.", "recipe": 2, "step": 9, "image": ""}}, {"model": "core.recipestep", "pk": 15, "fields": {"description": "Roer het mengsel zorgvuldig om, zodat het brood en de peperkoek de melk kunnen absorberen. Blijf mengen tot je een egaal beslag verkrijgt. Er mogen best grotere stukjes brood of peperkoek inzitten.", "recipe": 2, "step": 10, "image": ""}}, {"model": "core.recipestep", "pk": 16, "fields": {"description": "Hak de witte chocolade in fijne stukjes. Gebruik hiervoor een scherp mes. Zo krijg je een mengeling van chocoladeschilfers en kleine chocoladebrokjes. Meng de chocoladestukjes onder het broodbeslag.  Meng eventueel een klein snuifje zout onder het beslag (naar smaak).", "recipe": 2, "step": 11, "image": ""}}, {"model": "core.recipestep", "pk": 17, "fields": {"description": "Smelt een klontje boter in een pan (op een zacht vuur) en wrijf de cakevorm in met deze vloeibare boter.", "recipe": 2, "step": 12, "image": ""}}, {"model": "core.recipestep", "pk": 18, "fields": {"description": "Schep er een beetje bloem in en bepoeder zo de hele bakvorm. Schud de overtollige bloem weg. Hierdoor zal de broodpudding na het bakken gemakkelijk loskomen uit de vorm.", "recipe": 2, "step": 13, "image": ""}}, {"model": "core.recipestep", "pk": 19, "fields": {"description": "Giet het beslag in de bakvorm en strijk het glad.", "recipe": 2, "step": 14, "image": ""}}, {"model": "core.recipestep", "pk": 20, "fields": {"description": "Bak de cake in een oven van 170\u00b0C, gedurende ongeveer \u00e9\u00e9n uur. Controleer regelmatig even, want de baktijd is afhankelijk van het type oven dat je gebruikt.", "recipe": 2, "step": 15, "image": ""}}, {"model": "core.recipestep", "pk": 21, "fields": {"description": "Snij indien nodig de warme gebakken broodpudding los met een scherp mesje.", "recipe": 2, "step": 16, "image": ""}}, {"model": "core.recipestep", "pk": 22, "fields": {"description": "Laat de cake afkoelen en bepoeder het gebak met een beetje bloemsuiker.", "recipe": 2, "step": 17, "image": ""}}, {"model": "contenttypes.contenttype", "pk": 1, "fields": {"app_label": "core", "model": "myuser"}}, {"model": "contenttypes.contenttype", "pk": 2, "fields": {"app_label": "core", "model": "brand"}}, {"model": "contenttypes.contenttype", "pk": 3, "fields": {"app_label": "core", "model": "ingredient"}}, {"model": "contenttypes.contenttype", "pk": 4, "fields": {"app_label": "core", "model": "recipe"}}, {"model": "contenttypes.contenttype", "pk": 5, "fields": {"app_label": "core", "model": "recipeingredient"}}, {"model": "contenttypes.contenttype", "pk": 6, "fields": {"app_label": "core", "model": "recipestep"}}, {"model": "contenttypes.contenttype", "pk": 7, "fields": {"app_label": "admin", "model": "logentry"}}, {"model": "contenttypes.contenttype", "pk": 8, "fields": {"app_label": "auth", "model": "permission"}}, {"model": "contenttypes.contenttype", "pk": 9, "fields": {"app_label": "auth", "model": "group"}}, {"model": "contenttypes.contenttype", "pk": 10, "fields": {"app_label": "contenttypes", "model": "contenttype"}}, {"model": "contenttypes.contenttype", "pk": 11, "fields": {"app_label": "sessions", "model": "session"}}, {"model": "sessions.session", "pk": "a2cghe0vs3j4041j7ljq2vvh85jkx6iq", "fields": {"session_data": "OWRkNjJkMmFhMmIwNTlhZWIyNDFhNjNiNzEyMTU4ZTFhOTg5ODExMzp7Il9hdXRoX3VzZXJfaWQiOiIxIiwiX2F1dGhfdXNlcl9iYWNrZW5kIjoiZGphbmdvLmNvbnRyaWIuYXV0aC5iYWNrZW5kcy5Nb2RlbEJhY2tlbmQiLCJfYXV0aF91c2VyX2hhc2giOiJmYmJiNjBlOWI2NmQ5MWZlZTRmNWU0MjE3NjVjYTJkYjVhMTVhNTQ5In0=", "expire_date": "2020-04-18T22:55:39.272Z"}}, {"model": "auth.permission", "pk": 1, "fields": {"name": "Can add user", "content_type": 1, "codename": "add_myuser"}}, {"model": "auth.permission", "pk": 2, "fields": {"name": "Can change user", "content_type": 1, "codename": "change_myuser"}}, {"model": "auth.permission", "pk": 3, "fields": {"name": "Can delete user", "content_type": 1, "codename": "delete_myuser"}}, {"model": "auth.permission", "pk": 4, "fields": {"name": "Can view user", "content_type": 1, "codename": "view_myuser"}}, {"model": "auth.permission", "pk": 5, "fields": {"name": "Can add brand", "content_type": 2, "codename": "add_brand"}}, {"model": "auth.permission", "pk": 6, "fields": {"name": "Can change brand", "content_type": 2, "codename": "change_brand"}}, {"model": "auth.permission", "pk": 7, "fields": {"name": "Can delete brand", "content_type": 2, "codename": "delete_brand"}}, {"model": "auth.permission", "pk": 8, "fields": {"name": "Can view brand", "content_type": 2, "codename": "view_brand"}}, {"model": "auth.permission", "pk": 9, "fields": {"name": "Can add ingredient", "content_type": 3, "codename": "add_ingredient"}}, {"model": "auth.permission", "pk": 10, "fields": {"name": "Can change ingredient", "content_type": 3, "codename": "change_ingredient"}}, {"model": "auth.permission", "pk": 11, "fields": {"name": "Can delete ingredient", "content_type": 3, "codename": "delete_ingredient"}}, {"model": "auth.permission", "pk": 12, "fields": {"name": "Can view ingredient", "content_type": 3, "codename": "view_ingredient"}}, {"model": "auth.permission", "pk": 13, "fields": {"name": "Can add recipe", "content_type": 4, "codename": "add_recipe"}}, {"model": "auth.permission", "pk": 14, "fields": {"name": "Can change recipe", "content_type": 4, "codename": "change_recipe"}}, {"model": "auth.permission", "pk": 15, "fields": {"name": "Can delete recipe", "content_type": 4, "codename": "delete_recipe"}}, {"model": "auth.permission", "pk": 16, "fields": {"name": "Can view recipe", "content_type": 4, "codename": "view_recipe"}}, {"model": "auth.permission", "pk": 17, "fields": {"name": "Can add recipe ingredient", "content_type": 5, "codename": "add_recipeingredient"}}, {"model": "auth.permission", "pk": 18, "fields": {"name": "Can change recipe ingredient", "content_type": 5, "codename": "change_recipeingredient"}}, {"model": "auth.permission", "pk": 19, "fields": {"name": "Can delete recipe ingredient", "content_type": 5, "codename": "delete_recipeingredient"}}, {"model": "auth.permission", "pk": 20, "fields": {"name": "Can view recipe ingredient", "content_type": 5, "codename": "view_recipeingredient"}}, {"model": "auth.permission", "pk": 21, "fields": {"name": "Can add recipe step", "content_type": 6, "codename": "add_recipestep"}}, {"model": "auth.permission", "pk": 22, "fields": {"name": "Can change recipe step", "content_type": 6, "codename": "change_recipestep"}}, {"model": "auth.permission", "pk": 23, "fields": {"name": "Can delete recipe step", "content_type": 6, "codename": "delete_recipestep"}}, {"model": "auth.permission", "pk": 24, "fields": {"name": "Can view recipe step", "content_type": 6, "codename": "view_recipestep"}}, {"model": "auth.permission", "pk": 25, "fields": {"name": "Can add log entry", "content_type": 7, "codename": "add_logentry"}}, {"model": "auth.permission", "pk": 26, "fields": {"name": "Can change log entry", "content_type": 7, "codename": "change_logentry"}}, {"model": "auth.permission", "pk": 27, "fields": {"name": "Can delete log entry", "content_type": 7, "codename": "delete_logentry"}}, {"model": "auth.permission", "pk": 28, "fields": {"name": "Can view log entry", "content_type": 7, "codename": "view_logentry"}}, {"model": "auth.permission", "pk": 29, "fields": {"name": "Can add permission", "content_type": 8, "codename": "add_permission"}}, {"model": "auth.permission", "pk": 30, "fields": {"name": "Can change permission", "content_type": 8, "codename": "change_permission"}}, {"model": "auth.permission", "pk": 31, "fields": {"name": "Can delete permission", "content_type": 8, "codename": "delete_permission"}}, {"model": "auth.permission", "pk": 32, "fields": {"name": "Can view permission", "content_type": 8, "codename": "view_permission"}}, {"model": "auth.permission", "pk": 33, "fields": {"name": "Can add group", "content_type": 9, "codename": "add_group"}}, {"model": "auth.permission", "pk": 34, "fields": {"name": "Can change group", "content_type": 9, "codename": "change_group"}}, {"model": "auth.permission", "pk": 35, "fields": {"name": "Can delete group", "content_type": 9, "codename": "delete_group"}}, {"model": "auth.permission", "pk": 36, "fields": {"name": "Can view group", "content_type": 9, "codename": "view_group"}}, {"model": "auth.permission", "pk": 37, "fields": {"name": "Can add content type", "content_type": 10, "codename": "add_contenttype"}}, {"model": "auth.permission", "pk": 38, "fields": {"name": "Can change content type", "content_type": 10, "codename": "change_contenttype"}}, {"model": "auth.permission", "pk": 39, "fields": {"name": "Can delete content type", "content_type": 10, "codename": "delete_contenttype"}}, {"model": "auth.permission", "pk": 40, "fields": {"name": "Can view content type", "content_type": 10, "codename": "view_contenttype"}}, {"model": "auth.permission", "pk": 41, "fields": {"name": "Can add session", "content_type": 11, "codename": "add_session"}}, {"model": "auth.permission", "pk": 42, "fields": {"name": "Can change session", "content_type": 11, "codename": "change_session"}}, {"model": "auth.permission", "pk": 43, "fields": {"name": "Can delete session", "content_type": 11, "codename": "delete_session"}}, {"model": "auth.permission", "pk": 44, "fields": {"name": "Can view session", "content_type": 11, "codename": "view_session"}}, {"model": "core.myuser", "pk": 1, "fields": {"password": "pbkdf2_sha256$180000$A11uRGmY0eVE$JhgJXwetgHUiQgTbMovlUh7JMQWrn7e/YY5awsDeDwM=", "last_login": "2020-04-04T22:55:39.267Z", "is_superuser": true, "username": "mattydebie", "first_name": "", "last_name": "", "email": "matthias@madebit.be", "is_staff": true, "is_active": true, "date_joined": "2020-04-04T22:55:33.799Z", "uuid": "02f6b5b3-15a8-4e0a-82b3-0b7ce6468609", "groups": [], "user_permissions": []}}, {"model": "core.recipe", "pk": 1, "fields": {"uuid": "013d534f-fe7f-4975-8db6-1dd2f18f9bf7", "name": "Pannenkoeken", "chef": 1, "language": "nl", "created_date": "2020-04-04T22:56:36.296Z", "modified_date": "2020-04-04T23:09:26.086Z", "image": "13b43e8d-60ef-4e10-92ab-826db8c6bfe3..jpg", "is_public": true}}, {"model": "core.recipe", "pk": 2, "fields": {"uuid": "3bbb0c9c-489b-4d6d-aff8-b45e6f9bdfbf", "name": "Broodpudding", "chef": 1, "language": "nl", "created_date": "2020-04-04T23:27:26.614Z", "modified_date": "2020-04-04T23:27:26.614Z", "image": "", "is_public": false}}, {"model": "admin.logentry", "pk": 1, "fields": {"action_time": "2020-04-04T22:56:14.091Z", "user": 1, "content_type": 3, "object_id": "1", "object_repr": "Zelfrijzende Bloem", "action_flag": 1, "change_message": "[{\"added\": {}}]"}}, {"model": "admin.logentry", "pk": 2, "fields": {"action_time": "2020-04-04T22:56:19.696Z", "user": 1, "content_type": 3, "object_id": "2", "object_repr": "Eieren", "action_flag": 1, "change_message": "[{\"added\": {}}]"}}, {"model": "admin.logentry", "pk": 3, "fields": {"action_time": "2020-04-04T22:56:32.975Z", "user": 1, "content_type": 3, "object_id": "3", "object_repr": "Halfvolle Melk", "action_flag": 1, "change_message": "[{\"added\": {}}]"}}, {"model": "admin.logentry", "pk": 4, "fields": {"action_time": "2020-04-04T22:56:36.301Z", "user": 1, "content_type": 4, "object_id": "1", "object_repr": "Pannenkoeken", "action_flag": 1, "change_message": "[{\"added\": {}}, {\"added\": {\"name\": \"recipe step\", \"object\": \"RecipeStep object (1)\"}}, {\"added\": {\"name\": \"recipe step\", \"object\": \"RecipeStep object (2)\"}}, {\"added\": {\"name\": \"recipe step\", \"object\": \"RecipeStep object (3)\"}}, {\"added\": {\"name\": \"recipe ingredient\", \"object\": \"RecipeIngredient object (1)\"}}, {\"added\": {\"name\": \"recipe ingredient\", \"object\": \"RecipeIngredient object (2)\"}}, {\"added\": {\"name\": \"recipe ingredient\", \"object\": \"RecipeIngredient object (3)\"}}]"}}, {"model": "admin.logentry", "pk": 5, "fields": {"action_time": "2020-04-04T23:07:13.980Z", "user": 1, "content_type": 4, "object_id": "1", "object_repr": "Pannenkoeken", "action_flag": 2, "change_message": "[{\"changed\": {\"fields\": [\"Image\", \"Is public\"]}}]"}}, {"model": "admin.logentry", "pk": 6, "fields": {"action_time": "2020-04-04T23:08:54.680Z", "user": 1, "content_type": 3, "object_id": "4", "object_repr": "Vanillesuiker", "action_flag": 1, "change_message": "[{\"added\": {}}]"}}, {"model": "admin.logentry", "pk": 7, "fields": {"action_time": "2020-04-04T23:09:09.687Z", "user": 1, "content_type": 3, "object_id": "5", "object_repr": "Vanillebloem", "action_flag": 1, "change_message": "[{\"added\": {}}]"}}, {"model": "admin.logentry", "pk": 8, "fields": {"action_time": "2020-04-04T23:09:20.940Z", "user": 1, "content_type": 3, "object_id": "6", "object_repr": "Olijfolie", "action_flag": 1, "change_message": "[{\"added\": {}}]"}}, {"model": "admin.logentry", "pk": 9, "fields": {"action_time": "2020-04-04T23:09:26.093Z", "user": 1, "content_type": 4, "object_id": "1", "object_repr": "Pannenkoeken", "action_flag": 2, "change_message": "[{\"added\": {\"name\": \"recipe step\", \"object\": \"RecipeStep object (4)\"}}, {\"added\": {\"name\": \"recipe step\", \"object\": \"RecipeStep object (5)\"}}, {\"changed\": {\"name\": \"recipe step\", \"object\": \"RecipeStep object (1)\", \"fields\": [\"Description\"]}}, {\"changed\": {\"name\": \"recipe step\", \"object\": \"RecipeStep object (2)\", \"fields\": [\"Description\"]}}, {\"changed\": {\"name\": \"recipe step\", \"object\": \"RecipeStep object (3)\", \"fields\": [\"Description\"]}}, {\"added\": {\"name\": \"recipe ingredient\", \"object\": \"RecipeIngredient object (4)\"}}, {\"added\": {\"name\": \"recipe ingredient\", \"object\": \"RecipeIngredient object (5)\"}}, {\"added\": {\"name\": \"recipe ingredient\", \"object\": \"RecipeIngredient object (6)\"}}]"}}, {"model": "admin.logentry", "pk": 10, "fields": {"action_time": "2020-04-04T23:24:47.549Z", "user": 1, "content_type": 3, "object_id": "7", "object_repr": "Rozijnen", "action_flag": 1, "change_message": "[{\"added\": {}}]"}}, {"model": "admin.logentry", "pk": 11, "fields": {"action_time": "2020-04-04T23:24:56.688Z", "user": 1, "content_type": 3, "object_id": "8", "object_repr": "Rum", "action_flag": 1, "change_message": "[{\"added\": {}}]"}}, {"model": "admin.logentry", "pk": 12, "fields": {"action_time": "2020-04-04T23:25:21.416Z", "user": 1, "content_type": 3, "object_id": "9", "object_repr": "Vanillestokje", "action_flag": 1, "change_message": "[{\"added\": {}}]"}}, {"model": "admin.logentry", "pk": 13, "fields": {"action_time": "2020-04-04T23:25:32.898Z", "user": 1, "content_type": 3, "object_id": "10", "object_repr": "Oud wit brood", "action_flag": 1, "change_message": "[{\"added\": {}}]"}}, {"model": "admin.logentry", "pk": 14, "fields": {"action_time": "2020-04-04T23:25:44.215Z", "user": 1, "content_type": 3, "object_id": "11", "object_repr": "Kaneelpoeder", "action_flag": 1, "change_message": "[{\"added\": {}}]"}}, {"model": "admin.logentry", "pk": 15, "fields": {"action_time": "2020-04-04T23:25:59.648Z", "user": 1, "content_type": 3, "object_id": "12", "object_repr": "Bruine Suiker", "action_flag": 1, "change_message": "[{\"added\": {}}]"}}, {"model": "admin.logentry", "pk": 16, "fields": {"action_time": "2020-04-04T23:26:22.568Z", "user": 1, "content_type": 3, "object_id": "13", "object_repr": "Peperkoek", "action_flag": 1, "change_message": "[{\"added\": {}}]"}}, {"model": "admin.logentry", "pk": 17, "fields": {"action_time": "2020-04-04T23:26:43.968Z", "user": 1, "content_type": 3, "object_id": "14", "object_repr": "Witte Chocolade", "action_flag": 1, "change_message": "[{\"added\": {}}]"}}, {"model": "admin.logentry", "pk": 18, "fields": {"action_time": "2020-04-04T23:26:55.426Z", "user": 1, "content_type": 3, "object_id": "15", "object_repr": "Zout", "action_flag": 1, "change_message": "[{\"added\": {}}]"}}, {"model": "admin.logentry", "pk": 19, "fields": {"action_time": "2020-04-04T23:27:05.244Z", "user": 1, "content_type": 3, "object_id": "16", "object_repr": "Boter", "action_flag": 1, "change_message": "[{\"added\": {}}]"}}, {"model": "admin.logentry", "pk": 20, "fields": {"action_time": "2020-04-04T23:27:26.628Z", "user": 1, "content_type": 4, "object_id": "2", "object_repr": "Broodpudding", "action_flag": 1, "change_message": "[{\"added\": {}}, {\"added\": {\"name\": \"recipe step\", \"object\": \"RecipeStep object (6)\"}}, {\"added\": {\"name\": \"recipe step\", \"object\": \"RecipeStep object (7)\"}}, {\"added\": {\"name\": \"recipe step\", \"object\": \"RecipeStep object (8)\"}}, {\"added\": {\"name\": \"recipe step\", \"object\": \"RecipeStep object (9)\"}}, {\"added\": {\"name\": \"recipe step\", \"object\": \"RecipeStep object (10)\"}}, {\"added\": {\"name\": \"recipe step\", \"object\": \"RecipeStep object (11)\"}}, {\"added\": {\"name\": \"recipe step\", \"object\": \"RecipeStep object (12)\"}}, {\"added\": {\"name\": \"recipe step\", \"object\": \"RecipeStep object (13)\"}}, {\"added\": {\"name\": \"recipe step\", \"object\": \"RecipeStep object (14)\"}}, {\"added\": {\"name\": \"recipe step\", \"object\": \"RecipeStep object (15)\"}}, {\"added\": {\"name\": \"recipe step\", \"object\": \"RecipeStep object (16)\"}}, {\"added\": {\"name\": \"recipe step\", \"object\": \"RecipeStep object (17)\"}}, {\"added\": {\"name\": \"recipe step\", \"object\": \"RecipeStep object (18)\"}}, {\"added\": {\"name\": \"recipe step\", \"object\": \"RecipeStep object (19)\"}}, {\"added\": {\"name\": \"recipe step\", \"object\": \"RecipeStep object (20)\"}}, {\"added\": {\"name\": \"recipe step\", \"object\": \"RecipeStep object (21)\"}}, {\"added\": {\"name\": \"recipe step\", \"object\": \"RecipeStep object (22)\"}}, {\"added\": {\"name\": \"recipe ingredient\", \"object\": \"RecipeIngredient object (7)\"}}, {\"added\": {\"name\": \"recipe ingredient\", \"object\": \"RecipeIngredient object (8)\"}}, {\"added\": {\"name\": \"recipe ingredient\", \"object\": \"RecipeIngredient object (9)\"}}, {\"added\": {\"name\": \"recipe ingredient\", \"object\": \"RecipeIngredient object (10)\"}}, {\"added\": {\"name\": \"recipe ingredient\", \"object\": \"RecipeIngredient object (11)\"}}, {\"added\": {\"name\": \"recipe ingredient\", \"object\": \"RecipeIngredient object (12)\"}}, {\"added\": {\"name\": \"recipe ingredient\", \"object\": \"RecipeIngredient object (13)\"}}, {\"added\": {\"name\": \"recipe ingredient\", \"object\": \"RecipeIngredient object (14)\"}}, {\"added\": {\"name\": \"recipe ingredient\", \"object\": \"RecipeIngredient object (15)\"}}, {\"added\": {\"name\": \"recipe ingredient\", \"object\": \"RecipeIngredient object (16)\"}}, {\"added\": {\"name\": \"recipe ingredient\", \"object\": \"RecipeIngredient object (17)\"}}, {\"added\": {\"name\": \"recipe ingredient\", \"object\": \"RecipeIngredient object (18)\"}}]"}}]