[{"model": "core.ingredient", "pk": 1, "fields": {"uuid": "a67dbbd9-275a-4e6b-b10f-90d3cf59e2f1", "name": "Zelfrijzende Bloem", "brand": null, "language": "nl", "barcode": null, "default_unit": null, "calories": null, "fat": null, "fat_saturated": null, "carbs": null, "carbs_sugar": null, "proteine": null}}, {"model": "core.ingredient", "pk": 2, "fields": {"uuid": "20513fdd-1251-4cac-8ab9-e2542b61bc45", "name": "Halfvolle Melk", "brand": null, "language": "nl", "barcode": null, "default_unit": "ml", "calories": 46, "fat": 1.5, "fat_saturated": 1.0, "carbs": 4.8, "carbs_sugar": 4.8, "proteine": 3.3}}, {"model": "core.ingredient", "pk": 3, "fields": {"uuid": "1b96f24c-97d3-4869-b953-8ef64e9d2904", "name": "Eieren", "brand": null, "language": "nl", "barcode": null, "default_unit": null, "calories": null, "fat": null, "fat_saturated": null, "carbs": null, "carbs_sugar": null, "proteine": null}}, {"model": "core.ingredient", "pk": 4, "fields": {"uuid": "b2e06106-b3ae-4ef7-9227-5643d6d924e7", "name": "Vanillesuiker", "brand": null, "language": "nl", "barcode": null, "default_unit": null, "calories": null, "fat": null, "fat_saturated": null, "carbs": null, "carbs_sugar": null, "proteine": null}}, {"model": "core.ingredient", "pk": 5, "fields": {"uuid": "de92b700-0c40-4592-afc1-6ed4384ba54d", "name": "Vanillebloem", "brand": null, "language": "nl", "barcode": null, "default_unit": null, "calories": null, "fat": null, "fat_saturated": null, "carbs": null, "carbs_sugar": null, "proteine": null}}, {"model": "core.ingredient", "pk": 6, "fields": {"uuid": "288e5984-4536-4c21-85ff-8c2f16b6aec8", "name": "Olijfolie", "brand": null, "language": "nl", "barcode": null, "default_unit": null, "calories": null, "fat": null, "fat_saturated": null, "carbs": null, "carbs_sugar": null, "proteine": null}}, {"model": "core.ingredient", "pk": 7, "fields": {"uuid": "2e6e10b2-4bef-4d17-aae5-70cfa84dc0d9", "name": "Appel", "brand": null, "language": "nl", "barcode": null, "default_unit": null, "calories": null, "fat": null, "fat_saturated": null, "carbs": null, "carbs_sugar": null, "proteine": null}}, {"model": "core.ingredient", "pk": 8, "fields": {"uuid": "1cc42494-87e1-48e3-aa4a-ec4e489a0370", "name": "Suiker", "brand": null, "language": "nl", "barcode": null, "default_unit": null, "calories": null, "fat": null, "fat_saturated": null, "carbs": null, "carbs_sugar": null, "proteine": null}}, {"model": "core.ingredient", "pk": 9, "fields": {"uuid": "990c7b3a-21fb-4a2d-b9f2-0eb3c3654c55", "name": "Zonnebloemolie", "brand": null, "language": "nl", "barcode": null, "default_unit": null, "calories": null, "fat": null, "fat_saturated": null, "carbs": null, "carbs_sugar": null, "proteine": null}}, {"model": "core.ingredient", "pk": 10, "fields": {"uuid": "ffcf9744-324d-43d5-9fa6-3658added881", "name": "Zout", "brand": null, "language": "nl", "barcode": null, "default_unit": null, "calories": null, "fat": null, "fat_saturated": null, "carbs": null, "carbs_sugar": null, "proteine": null}}, {"model": "core.ingredient", "pk": 11, "fields": {"uuid": "e4a32c14-c21f-4688-8334-aff04c6c6d0f", "name": "rozijnen", "brand": null, "language": "nl", "barcode": null, "default_unit": null, "calories": null, "fat": null, "fat_saturated": null, "carbs": null, "carbs_sugar": null, "proteine": null}}, {"model": "core.ingredient", "pk": 12, "fields": {"uuid": "41cb39e5-e473-4c23-a80a-df30c0f3363b", "name": "rum", "brand": null, "language": "nl", "barcode": null, "default_unit": null, "calories": null, "fat": null, "fat_saturated": null, "carbs": null, "carbs_sugar": null, "proteine": null}}, {"model": "core.ingredient", "pk": 13, "fields": {"uuid": "8bc56d35-1f1b-41bd-b18c-a33292f23ebe", "name": "Vaniilestokje", "brand": null, "language": "nl", "barcode": null, "default_unit": null, "calories": null, "fat": null, "fat_saturated": null, "carbs": null, "carbs_sugar": null, "proteine": null}}, {"model": "core.ingredient", "pk": 14, "fields": {"uuid": "5c46304e-5c3f-4070-af7b-e7ed4d1744aa", "name": "Oud wit brood", "brand": null, "language": "nl", "barcode": null, "default_unit": null, "calories": null, "fat": null, "fat_saturated": null, "carbs": null, "carbs_sugar": null, "proteine": null}}, {"model": "core.ingredient", "pk": 15, "fields": {"uuid": "989f33a1-4f08-4071-80e9-35dd2b8b3bef", "name": "Kaneelpoedr", "brand": null, "language": "nl", "barcode": null, "default_unit": null, "calories": null, "fat": null, "fat_saturated": null, "carbs": null, "carbs_sugar": null, "proteine": null}}, {"model": "core.ingredient", "pk": 16, "fields": {"uuid": "1591e6a7-9238-4273-83ae-eab62ba06205", "name": "Bruine Suiker", "brand": null, "language": "nl", "barcode": null, "default_unit": null, "calories": null, "fat": null, "fat_saturated": null, "carbs": null, "carbs_sugar": null, "proteine": null}}, {"model": "core.ingredient", "pk": 17, "fields": {"uuid": "c5f8bb09-1fca-4fc8-835c-ded92d53133e", "name": "Peperkoek", "brand": null, "language": "nl", "barcode": null, "default_unit": null, "calories": null, "fat": null, "fat_saturated": null, "carbs": null, "carbs_sugar": null, "proteine": null}}, {"model": "core.ingredient", "pk": 18, "fields": {"uuid": "0dae5aa9-1458-4056-9f07-e1a838abac6b", "name": "Witte Chocolade", "brand": null, "language": "nl", "barcode": null, "default_unit": null, "calories": null, "fat": null, "fat_saturated": null, "carbs": null, "carbs_sugar": null, "proteine": null}}, {"model": "core.ingredient", "pk": 19, "fields": {"uuid": "493a2c2d-b67b-4ed0-9a34-550aa8e2e988", "name": "Zout", "brand": null, "language": "nl", "barcode": null, "default_unit": null, "calories": null, "fat": null, "fat_saturated": null, "carbs": null, "carbs_sugar": null, "proteine": null}}, {"model": "core.ingredient", "pk": 20, "fields": {"uuid": "bebc6366-de54-47ad-ac41-95f4b069f453", "name": "Boter", "brand": null, "language": "en", "barcode": null, "default_unit": null, "calories": null, "fat": null, "fat_saturated": null, "carbs": null, "carbs_sugar": null, "proteine": null}}, {"model": "core.ingredient", "pk": 21, "fields": {"uuid": "829d1899-607d-426a-b6da-e9524244776e", "name": "Bloemsuiker", "brand": null, "language": "nl", "barcode": null, "default_unit": null, "calories": null, "fat": null, "fat_saturated": null, "carbs": null, "carbs_sugar": null, "proteine": null}}, {"model": "core.recipeingredient", "pk": 1, "fields": {"recipe": 1, "ingredient": 1, "amount": 500.0, "unit": "g"}}, {"model": "core.recipeingredient", "pk": 2, "fields": {"recipe": 1, "ingredient": 2, "amount": 1.0, "unit": "liter"}}, {"model": "core.recipeingredient", "pk": 3, "fields": {"recipe": 1, "ingredient": 3, "amount": 4.0, "unit": null}}, {"model": "core.recipeingredient", "pk": 4, "fields": {"recipe": 1, "ingredient": 4, "amount": 2.0, "unit": "pakjes"}}, {"model": "core.recipeingredient", "pk": 5, "fields": {"recipe": 1, "ingredient": 5, "amount": 1.0, "unit": "pakje"}}, {"model": "core.recipeingredient", "pk": 6, "fields": {"recipe": 1, "ingredient": 6, "amount": 1.0, "unit": "lepel"}}, {"model": "core.recipeingredient", "pk": 7, "fields": {"recipe": 2, "ingredient": 7, "amount": 3.0, "unit": "stuks"}}, {"model": "core.recipeingredient", "pk": 8, "fields": {"recipe": 2, "ingredient": 3, "amount": 2.0, "unit": "stuks"}}, {"model": "core.recipeingredient", "pk": 9, "fields": {"recipe": 2, "ingredient": 8, "amount": 120.0, "unit": "gram"}}, {"model": "core.recipeingredient", "pk": 10, "fields": {"recipe": 2, "ingredient": 4, "amount": 3.0, "unit": "zakjes"}}, {"model": "core.recipeingredient", "pk": 11, "fields": {"recipe": 2, "ingredient": 1, "amount": 190.0, "unit": "gram"}}, {"model": "core.recipeingredient", "pk": 12, "fields": {"recipe": 2, "ingredient": 2, "amount": 4.0, "unit": "eetlepel"}}, {"model": "core.recipeingredient", "pk": 13, "fields": {"recipe": 2, "ingredient": 9, "amount": 4.0, "unit": "eetlepel"}}, {"model": "core.recipeingredient", "pk": 14, "fields": {"recipe": 2, "ingredient": 10, "amount": 1.0, "unit": "snuifje"}}, {"model": "core.recipeingredient", "pk": 15, "fields": {"recipe": 3, "ingredient": 11, "amount": 100.0, "unit": "g"}}, {"model": "core.recipeingredient", "pk": 16, "fields": {"recipe": 3, "ingredient": 12, "amount": 0.5, "unit": "dl"}}, {"model": "core.recipeingredient", "pk": 17, "fields": {"recipe": 3, "ingredient": 2, "amount": 6.0, "unit": "dl"}}, {"model": "core.recipeingredient", "pk": 18, "fields": {"recipe": 3, "ingredient": 13, "amount": 1.0, "unit": "stuk"}}, {"model": "core.recipeingredient", "pk": 19, "fields": {"recipe": 3, "ingredient": 14, "amount": 398.0, "unit": "g"}}, {"model": "core.recipeingredient", "pk": 20, "fields": {"recipe": 3, "ingredient": 15, "amount": 1.0, "unit": "lepeltje"}}, {"model": "core.recipeingredient", "pk": 21, "fields": {"recipe": 3, "ingredient": 16, "amount": 80.0, "unit": "g"}}, {"model": "core.recipeingredient", "pk": 22, "fields": {"recipe": 3, "ingredient": 3, "amount": 3.0, "unit": null}}, {"model": "core.recipeingredient", "pk": 23, "fields": {"recipe": 3, "ingredient": 17, "amount": 3.0, "unit": "sneetjes"}}, {"model": "core.recipeingredient", "pk": 24, "fields": {"recipe": 3, "ingredient": 18, "amount": 100.0, "unit": "g"}}, {"model": "core.recipeingredient", "pk": 25, "fields": {"recipe": 3, "ingredient": 19, "amount": 1.0, "unit": "snuifje"}}, {"model": "core.recipeingredient", "pk": 26, "fields": {"recipe": 3, "ingredient": 20, "amount": 1.0, "unit": "klontje"}}, {"model": "core.recipeingredient", "pk": 27, "fields": {"recipe": 3, "ingredient": 1, "amount": 1.0, "unit": "lepel"}}, {"model": "core.recipeingredient", "pk": 28, "fields": {"recipe": 3, "ingredient": 21, "amount": 1.0, "unit": "lepel"}}, {"model": "core.recipestep", "pk": 1, "fields": {"description": "Klop de melk en de eierdooiers luchtig op", "recipe": 1, "step": 1, "image": ""}}, {"model": "core.recipestep", "pk": 2, "fields": {"description": "Voeg de bloem en de olijfolie toe", "recipe": 1, "step": 2, "image": ""}}, {"model": "core.recipestep", "pk": 3, "fields": {"description": "Klop het eiwit stijf met de suiker en voeg het toe aan het deeg", "recipe": 1, "step": 3, "image": ""}}, {"model": "core.recipestep", "pk": 4, "fields": {"description": "Roer goed", "recipe": 1, "step": 4, "image": ""}}, {"model": "core.recipestep", "pk": 5, "fields": {"description": "Bak de pannekoeken", "recipe": 1, "step": 5, "image": ""}}, {"model": "core.recipestep", "pk": 6, "fields": {"description": "Verwarm de oven voor op 170 Celsius", "recipe": 3, "step": 1, "image": ""}}, {"model": "core.recipestep", "pk": 7, "fields": {"description": "Doe de rozijnen in een schaaltje en schenk er de rum bij. Laat de rozijnen hierin wellen.", "recipe": 3, "step": 2, "image": ""}}, {"model": "core.recipestep", "pk": 8, "fields": {"description": "Zet een pot of pannetje op een zacht vuur en schenk hierin de melk", "recipe": 3, "step": 3, "image": ""}}, {"model": "core.recipestep", "pk": 9, "fields": {"description": "Snij de vanillestok overlangs en schraap er met de mespunt de zaadjes uit. Voeg de vanillezaadjes en de lege peul toe aan de melk.  Verhit de vanillemelk op een zacht vuur.", "recipe": 3, "step": 4, "image": ""}}, {"model": "core.recipestep", "pk": 10, "fields": {"description": "Snij ondertussen de sneetjes (oud) brood in grove stukken van zo\u2019n 2 bij 2 cm. De korstjes kan je gewoon mee versnijden. Doe de stukjes brood in een mengschaal.", "recipe": 3, "step": 5, "image": ""}}, {"model": "core.recipestep", "pk": 11, "fields": {"description": "Voeg het kaneelpoeder en de bruine suiker toe, samen met de eieren.", "recipe": 3, "step": 6, "image": ""}}, {"model": "core.recipestep", "pk": 12, "fields": {"description": "Snij de schijfjes peperkoek in kleine brokjes.", "recipe": 3, "step": 7, "image": ""}}, {"model": "core.recipestep", "pk": 13, "fields": {"description": "Schep ook de gewelde rozijntjes in de mengschaal (zonder het vocht).", "recipe": 3, "step": 8, "image": ""}}, {"model": "core.recipestep", "pk": 14, "fields": {"description": "Vis de peul van de vanillestok uit de warme melk en schenk de melk over de broodmengeling.", "recipe": 3, "step": 9, "image": ""}}, {"model": "core.recipestep", "pk": 15, "fields": {"description": "Roer het mengsel zorgvuldig om, zodat het brood en de peperkoek de melk kunnen absorberen. Blijf mengen tot je een egaal beslag verkrijgt. Er mogen best grotere stukjes brood of peperkoek inzitten.", "recipe": 3, "step": 10, "image": ""}}, {"model": "core.recipestep", "pk": 16, "fields": {"description": "Hak de witte chocolade in fijne stukjes. Gebruik hiervoor een scherp mes. Zo krijg je een mengeling van chocoladeschilfers en kleine chocoladebrokjes. Meng de chocoladestukjes onder het broodbeslag.  Meng eventueel een klein snuifje zout onder het beslag (naar smaak).", "recipe": 3, "step": 11, "image": ""}}, {"model": "core.recipestep", "pk": 17, "fields": {"description": "Smelt een klontje boter in een pan (op een zacht vuur) en wrijf de cakevorm in met deze vloeibare boter.", "recipe": 3, "step": 12, "image": ""}}, {"model": "core.recipestep", "pk": 18, "fields": {"description": "Schep er een beetje bloem in en bepoeder zo de hele bakvorm. Schud de overtollige bloem weg. Hierdoor zal de broodpudding na het bakken gemakkelijk loskomen uit de vorm.", "recipe": 3, "step": 13, "image": ""}}, {"model": "core.recipestep", "pk": 19, "fields": {"description": "Giet het beslag in de bakvorm en strijk het glad.", "recipe": 3, "step": 14, "image": ""}}, {"model": "core.recipestep", "pk": 20, "fields": {"description": "Bak de cake in een oven van 170\u00b0C, gedurende ongeveer \u00e9\u00e9n uur. Controleer regelmatig even, want de baktijd is afhankelijk van het type oven dat je gebruikt.", "recipe": 3, "step": 15, "image": ""}}, {"model": "core.recipestep", "pk": 21, "fields": {"description": "Snij indien nodig de warme gebakken broodpudding los met een scherp mesje.", "recipe": 3, "step": 16, "image": ""}}, {"model": "core.recipestep", "pk": 22, "fields": {"description": "Laat de cake afkoelen en bepoeder het gebak met een beetje bloemsuiker.", "recipe": 3, "step": 17, "image": ""}}, {"model": "core.recipestep", "pk": 23, "fields": {"description": "Neem een mengkom en roer hierin de bloem, 120 g suiker, vanillesuiker, 2 eieren, melk en olie tot een egaal beslag.", "recipe": 2, "step": 1, "image": ""}}, {"model": "core.recipestep", "pk": 24, "fields": {"description": "Beboter een platte taartvorm en bestuif de bodem en  rand met gewone bloem.", "recipe": 2, "step": 2, "image": ""}}, {"model": "core.recipestep", "pk": 25, "fields": {"description": "Spatel het deeg in de taartvorm.", "recipe": 2, "step": 3, "image": ""}}, {"model": "core.recipestep", "pk": 26, "fields": {"description": "Snijd de appels in 4, schil ze en verwijder het klokhuis. Snijd de appels in halve maantjes van ongeveer 5mm dik.", "recipe": 2, "step": 4, "image": ""}}, {"model": "core.recipestep", "pk": 27, "fields": {"description": "Schik de appel op het beslag. Opgelet: duw ze niet te diep in het beslag, anders is het resultaat minder mooi.", "recipe": 2, "step": 5, "image": ""}}, {"model": "core.recipestep", "pk": 28, "fields": {"description": "Smelt de boter in een steelpan en voeg de suiker toe. Als de suiker volledig gesmolten is in de boter laat je het suikermengsel even afkoelen.", "recipe": 2, "step": 6, "image": ""}}, {"model": "core.recipestep", "pk": 29, "fields": {"description": "Meng het ei onder het suikermengsel tot een gladde massa en lepel over de taart.", "recipe": 2, "step": 7, "image": ""}}, {"model": "core.recipestep", "pk": 30, "fields": {"description": "Bak de taart 20 \u00e0 25 minuten in de voorverwarmde oven van 200\u00b0C.", "recipe": 2, "step": 8, "image": ""}}, {"model": "core.recipestep", "pk": 31, "fields": {"description": "Laat afkoelen.", "recipe": 2, "step": 9, "image": ""}}, {"model": "core.recipestep", "pk": 32, "fields": {"description": "Klop de room op samen met de bloemsuiker.", "recipe": 2, "step": 10, "image": ""}}, {"model": "core.recipestep", "pk": 33, "fields": {"description": "Serveer met een toefje slagroom of een bolletje vanille-ijs.", "recipe": 2, "step": 11, "image": ""}}, {"model": "contenttypes.contenttype", "pk": 1, "fields": {"app_label": "api", "model": "myuser"}}, {"model": "contenttypes.contenttype", "pk": 2, "fields": {"app_label": "api", "model": "brand"}}, {"model": "contenttypes.contenttype", "pk": 3, "fields": {"app_label": "api", "model": "ingredient"}}, {"model": "contenttypes.contenttype", "pk": 4, "fields": {"app_label": "api", "model": "recipe"}}, {"model": "contenttypes.contenttype", "pk": 5, "fields": {"app_label": "api", "model": "recipeingredient"}}, {"model": "contenttypes.contenttype", "pk": 6, "fields": {"app_label": "admin", "model": "logentry"}}, {"model": "contenttypes.contenttype", "pk": 7, "fields": {"app_label": "auth", "model": "permission"}}, {"model": "contenttypes.contenttype", "pk": 8, "fields": {"app_label": "auth", "model": "group"}}, {"model": "contenttypes.contenttype", "pk": 9, "fields": {"app_label": "contenttypes", "model": "contenttype"}}, {"model": "contenttypes.contenttype", "pk": 10, "fields": {"app_label": "sessions", "model": "session"}}, {"model": "contenttypes.contenttype", "pk": 11, "fields": {"app_label": "core", "model": "recipe"}}, {"model": "contenttypes.contenttype", "pk": 12, "fields": {"app_label": "core", "model": "ingredient"}}, {"model": "contenttypes.contenttype", "pk": 13, "fields": {"app_label": "core", "model": "myuser"}}, {"model": "contenttypes.contenttype", "pk": 14, "fields": {"app_label": "core", "model": "brand"}}, {"model": "contenttypes.contenttype", "pk": 15, "fields": {"app_label": "core", "model": "recipeingredient"}}, {"model": "contenttypes.contenttype", "pk": 16, "fields": {"app_label": "core", "model": "recipestep"}}, {"model": "sessions.session", "pk": "dabuga170jvrcjphh8eqzr6hutg7coi5", "fields": {"session_data": "YmNjZTliN2U4MzQ3ZmEyZTA3ODMyNGEwZjIyMTI4NzNjNzZkMDcyMDp7Il9hdXRoX3VzZXJfaWQiOiIxIiwiX2F1dGhfdXNlcl9iYWNrZW5kIjoiZGphbmdvLmNvbnRyaWIuYXV0aC5iYWNrZW5kcy5Nb2RlbEJhY2tlbmQiLCJfYXV0aF91c2VyX2hhc2giOiJmMTYzMzA1ZTQ2NmYxN2I2YThmMGMzMWJhMjMwYmQxYzM0MzcyZTE4In0=", "expire_date": "2020-04-16T21:22:35.047Z"}}, {"model": "auth.permission", "pk": 1, "fields": {"name": "Can add user", "content_type": 1, "codename": "add_myuser"}}, {"model": "auth.permission", "pk": 2, "fields": {"name": "Can change user", "content_type": 1, "codename": "change_myuser"}}, {"model": "auth.permission", "pk": 3, "fields": {"name": "Can delete user", "content_type": 1, "codename": "delete_myuser"}}, {"model": "auth.permission", "pk": 4, "fields": {"name": "Can view user", "content_type": 1, "codename": "view_myuser"}}, {"model": "auth.permission", "pk": 5, "fields": {"name": "Can add brand", "content_type": 2, "codename": "add_brand"}}, {"model": "auth.permission", "pk": 6, "fields": {"name": "Can change brand", "content_type": 2, "codename": "change_brand"}}, {"model": "auth.permission", "pk": 7, "fields": {"name": "Can delete brand", "content_type": 2, "codename": "delete_brand"}}, {"model": "auth.permission", "pk": 8, "fields": {"name": "Can view brand", "content_type": 2, "codename": "view_brand"}}, {"model": "auth.permission", "pk": 9, "fields": {"name": "Can add ingredient", "content_type": 3, "codename": "add_ingredient"}}, {"model": "auth.permission", "pk": 10, "fields": {"name": "Can change ingredient", "content_type": 3, "codename": "change_ingredient"}}, {"model": "auth.permission", "pk": 11, "fields": {"name": "Can delete ingredient", "content_type": 3, "codename": "delete_ingredient"}}, {"model": "auth.permission", "pk": 12, "fields": {"name": "Can view ingredient", "content_type": 3, "codename": "view_ingredient"}}, {"model": "auth.permission", "pk": 13, "fields": {"name": "Can add recipe", "content_type": 4, "codename": "add_recipe"}}, {"model": "auth.permission", "pk": 14, "fields": {"name": "Can change recipe", "content_type": 4, "codename": "change_recipe"}}, {"model": "auth.permission", "pk": 15, "fields": {"name": "Can delete recipe", "content_type": 4, "codename": "delete_recipe"}}, {"model": "auth.permission", "pk": 16, "fields": {"name": "Can view recipe", "content_type": 4, "codename": "view_recipe"}}, {"model": "auth.permission", "pk": 17, "fields": {"name": "Can add recipe ingredient", "content_type": 5, "codename": "add_recipeingredient"}}, {"model": "auth.permission", "pk": 18, "fields": {"name": "Can change recipe ingredient", "content_type": 5, "codename": "change_recipeingredient"}}, {"model": "auth.permission", "pk": 19, "fields": {"name": "Can delete recipe ingredient", "content_type": 5, "codename": "delete_recipeingredient"}}, {"model": "auth.permission", "pk": 20, "fields": {"name": "Can view recipe ingredient", "content_type": 5, "codename": "view_recipeingredient"}}, {"model": "auth.permission", "pk": 21, "fields": {"name": "Can add log entry", "content_type": 6, "codename": "add_logentry"}}, {"model": "auth.permission", "pk": 22, "fields": {"name": "Can change log entry", "content_type": 6, "codename": "change_logentry"}}, {"model": "auth.permission", "pk": 23, "fields": {"name": "Can delete log entry", "content_type": 6, "codename": "delete_logentry"}}, {"model": "auth.permission", "pk": 24, "fields": {"name": "Can view log entry", "content_type": 6, "codename": "view_logentry"}}, {"model": "auth.permission", "pk": 25, "fields": {"name": "Can add permission", "content_type": 7, "codename": "add_permission"}}, {"model": "auth.permission", "pk": 26, "fields": {"name": "Can change permission", "content_type": 7, "codename": "change_permission"}}, {"model": "auth.permission", "pk": 27, "fields": {"name": "Can delete permission", "content_type": 7, "codename": "delete_permission"}}, {"model": "auth.permission", "pk": 28, "fields": {"name": "Can view permission", "content_type": 7, "codename": "view_permission"}}, {"model": "auth.permission", "pk": 29, "fields": {"name": "Can add group", "content_type": 8, "codename": "add_group"}}, {"model": "auth.permission", "pk": 30, "fields": {"name": "Can change group", "content_type": 8, "codename": "change_group"}}, {"model": "auth.permission", "pk": 31, "fields": {"name": "Can delete group", "content_type": 8, "codename": "delete_group"}}, {"model": "auth.permission", "pk": 32, "fields": {"name": "Can view group", "content_type": 8, "codename": "view_group"}}, {"model": "auth.permission", "pk": 33, "fields": {"name": "Can add content type", "content_type": 9, "codename": "add_contenttype"}}, {"model": "auth.permission", "pk": 34, "fields": {"name": "Can change content type", "content_type": 9, "codename": "change_contenttype"}}, {"model": "auth.permission", "pk": 35, "fields": {"name": "Can delete content type", "content_type": 9, "codename": "delete_contenttype"}}, {"model": "auth.permission", "pk": 36, "fields": {"name": "Can view content type", "content_type": 9, "codename": "view_contenttype"}}, {"model": "auth.permission", "pk": 37, "fields": {"name": "Can add session", "content_type": 10, "codename": "add_session"}}, {"model": "auth.permission", "pk": 38, "fields": {"name": "Can change session", "content_type": 10, "codename": "change_session"}}, {"model": "auth.permission", "pk": 39, "fields": {"name": "Can delete session", "content_type": 10, "codename": "delete_session"}}, {"model": "auth.permission", "pk": 40, "fields": {"name": "Can view session", "content_type": 10, "codename": "view_session"}}, {"model": "auth.permission", "pk": 41, "fields": {"name": "Can add user", "content_type": 13, "codename": "add_myuser"}}, {"model": "auth.permission", "pk": 42, "fields": {"name": "Can change user", "content_type": 13, "codename": "change_myuser"}}, {"model": "auth.permission", "pk": 43, "fields": {"name": "Can delete user", "content_type": 13, "codename": "delete_myuser"}}, {"model": "auth.permission", "pk": 44, "fields": {"name": "Can view user", "content_type": 13, "codename": "view_myuser"}}, {"model": "auth.permission", "pk": 45, "fields": {"name": "Can add brand", "content_type": 14, "codename": "add_brand"}}, {"model": "auth.permission", "pk": 46, "fields": {"name": "Can change brand", "content_type": 14, "codename": "change_brand"}}, {"model": "auth.permission", "pk": 47, "fields": {"name": "Can delete brand", "content_type": 14, "codename": "delete_brand"}}, {"model": "auth.permission", "pk": 48, "fields": {"name": "Can view brand", "content_type": 14, "codename": "view_brand"}}, {"model": "auth.permission", "pk": 49, "fields": {"name": "Can add ingredient", "content_type": 12, "codename": "add_ingredient"}}, {"model": "auth.permission", "pk": 50, "fields": {"name": "Can change ingredient", "content_type": 12, "codename": "change_ingredient"}}, {"model": "auth.permission", "pk": 51, "fields": {"name": "Can delete ingredient", "content_type": 12, "codename": "delete_ingredient"}}, {"model": "auth.permission", "pk": 52, "fields": {"name": "Can view ingredient", "content_type": 12, "codename": "view_ingredient"}}, {"model": "auth.permission", "pk": 53, "fields": {"name": "Can add recipe", "content_type": 11, "codename": "add_recipe"}}, {"model": "auth.permission", "pk": 54, "fields": {"name": "Can change recipe", "content_type": 11, "codename": "change_recipe"}}, {"model": "auth.permission", "pk": 55, "fields": {"name": "Can delete recipe", "content_type": 11, "codename": "delete_recipe"}}, {"model": "auth.permission", "pk": 56, "fields": {"name": "Can view recipe", "content_type": 11, "codename": "view_recipe"}}, {"model": "auth.permission", "pk": 57, "fields": {"name": "Can add recipe ingredient", "content_type": 15, "codename": "add_recipeingredient"}}, {"model": "auth.permission", "pk": 58, "fields": {"name": "Can change recipe ingredient", "content_type": 15, "codename": "change_recipeingredient"}}, {"model": "auth.permission", "pk": 59, "fields": {"name": "Can delete recipe ingredient", "content_type": 15, "codename": "delete_recipeingredient"}}, {"model": "auth.permission", "pk": 60, "fields": {"name": "Can view recipe ingredient", "content_type": 15, "codename": "view_recipeingredient"}}, {"model": "auth.permission", "pk": 61, "fields": {"name": "Can add recipe step", "content_type": 16, "codename": "add_recipestep"}}, {"model": "auth.permission", "pk": 62, "fields": {"name": "Can change recipe step", "content_type": 16, "codename": "change_recipestep"}}, {"model": "auth.permission", "pk": 63, "fields": {"name": "Can delete recipe step", "content_type": 16, "codename": "delete_recipestep"}}, {"model": "auth.permission", "pk": 64, "fields": {"name": "Can view recipe step", "content_type": 16, "codename": "view_recipestep"}}, {"model": "core.myuser", "pk": 1, "fields": {"password": "pbkdf2_sha256$180000$NYTdKUnxcLXa$j3aMU4HrcN2c13joP2FZb6bvmNcc3IMUllWse2xXhsg=", "last_login": "2020-04-02T21:22:35.040Z", "is_superuser": true, "username": "mattydebie", "first_name": "", "last_name": "", "email": "matthias@admin.be", "is_staff": true, "is_active": true, "date_joined": "2020-04-01T16:33:51Z", "uuid": "8936f5cf-11ba-49c1-b663-8c183d2b583e", "groups": [], "user_permissions": []}}, {"model": "core.myuser", "pk": 2, "fields": {"password": "pbkdf2_sha256$180000$t1IrrOrPRYws$MkKIpnwN0hke9+hKDg9oYDD9+7yubDxQnmOrhxLnXZI=", "last_login": "2020-04-02T21:22:13.630Z", "is_superuser": false, "username": "test", "first_name": "", "last_name": "", "email": "", "is_staff": false, "is_active": true, "date_joined": "2020-04-02T20:52:11.716Z", "uuid": "8eeddd69-fb79-429c-ae29-801f2070ae8a", "groups": [], "user_permissions": []}}, {"model": "core.recipe", "pk": 1, "fields": {"uuid": "bbd34ee8-9daf-4256-a9a5-709499b16ec7", "name": "Pannekoeken", "chef": 1, "language": "nl", "created_date": "2020-04-02T11:09:12.284Z", "modified_date": "2020-04-02T21:20:09.526Z", "image": "5654e940-e667-4186-90ad-ec53aeabe5cb..jpg", "is_public": true}}, {"model": "core.recipe", "pk": 2, "fields": {"uuid": "2772b95d-21ae-4ffb-b925-923309fd1efd", "name": "Appeltaart", "chef": 1, "language": "nl", "created_date": "2020-04-02T11:09:12.284Z", "modified_date": "2020-04-02T21:33:32.885Z", "image": "", "is_public": false}}, {"model": "core.recipe", "pk": 3, "fields": {"uuid": "464af905-17cf-4e1d-ae7e-ad70300bce25", "name": "Broodpudding", "chef": 2, "language": "nl", "created_date": "2020-04-02T21:18:49.032Z", "modified_date": "2020-04-02T21:22:46.097Z", "image": "", "is_public": false}}, {"model": "admin.logentry", "pk": 1, "fields": {"action_time": "2020-04-01T16:34:37.279Z", "user": 1, "content_type": 1, "object_id": "1", "object_repr": "mattydebie", "action_flag": 2, "change_message": "[{\"changed\": {\"fields\": [\"Email address\"]}}]"}}, {"model": "admin.logentry", "pk": 2, "fields": {"action_time": "2020-04-01T16:37:19.004Z", "user": 1, "content_type": 3, "object_id": "1", "object_repr": "Zelfrijzende Bloem", "action_flag": 1, "change_message": "[{\"added\": {}}]"}}, {"model": "admin.logentry", "pk": 3, "fields": {"action_time": "2020-04-01T16:37:28.620Z", "user": 1, "content_type": 3, "object_id": "2", "object_repr": "Halfvolle Melk", "action_flag": 1, "change_message": "[{\"added\": {}}]"}}, {"model": "admin.logentry", "pk": 4, "fields": {"action_time": "2020-04-01T16:37:44.939Z", "user": 1, "content_type": 3, "object_id": "3", "object_repr": "Eieren", "action_flag": 1, "change_message": "[{\"added\": {}}]"}}, {"model": "admin.logentry", "pk": 5, "fields": {"action_time": "2020-04-01T16:38:03.669Z", "user": 1, "content_type": 3, "object_id": "4", "object_repr": "Vanillesuiker", "action_flag": 1, "change_message": "[{\"added\": {}}]"}}, {"model": "admin.logentry", "pk": 6, "fields": {"action_time": "2020-04-01T16:38:21.107Z", "user": 1, "content_type": 3, "object_id": "5", "object_repr": "Vanillebloem", "action_flag": 1, "change_message": "[{\"added\": {}}]"}}, {"model": "admin.logentry", "pk": 7, "fields": {"action_time": "2020-04-01T16:38:34.850Z", "user": 1, "content_type": 3, "object_id": "6", "object_repr": "Olijfolie", "action_flag": 1, "change_message": "[{\"added\": {}}]"}}, {"model": "admin.logentry", "pk": 8, "fields": {"action_time": "2020-04-01T16:39:23.936Z", "user": 1, "content_type": 4, "object_id": "1", "object_repr": "Pannekoeken", "action_flag": 1, "change_message": "[{\"added\": {}}, {\"added\": {\"name\": \"recipe ingredient\", \"object\": \"RecipeIngredient object (1)\"}}, {\"added\": {\"name\": \"recipe ingredient\", \"object\": \"RecipeIngredient object (2)\"}}, {\"added\": {\"name\": \"recipe ingredient\", \"object\": \"RecipeIngredient object (3)\"}}, {\"added\": {\"name\": \"recipe ingredient\", \"object\": \"RecipeIngredient object (4)\"}}, {\"added\": {\"name\": \"recipe ingredient\", \"object\": \"RecipeIngredient object (5)\"}}, {\"added\": {\"name\": \"recipe ingredient\", \"object\": \"RecipeIngredient object (6)\"}}]"}}, {"model": "admin.logentry", "pk": 9, "fields": {"action_time": "2020-04-01T19:17:38.663Z", "user": 1, "content_type": 12, "object_id": "7", "object_repr": "Appel", "action_flag": 1, "change_message": "[{\"added\": {}}]"}}, {"model": "admin.logentry", "pk": 10, "fields": {"action_time": "2020-04-01T19:17:59.679Z", "user": 1, "content_type": 12, "object_id": "8", "object_repr": "Suiker", "action_flag": 1, "change_message": "[{\"added\": {}}]"}}, {"model": "admin.logentry", "pk": 11, "fields": {"action_time": "2020-04-01T19:19:00.043Z", "user": 1, "content_type": 12, "object_id": "9", "object_repr": "Zonnebloemolie", "action_flag": 1, "change_message": "[{\"added\": {}}]"}}, {"model": "admin.logentry", "pk": 12, "fields": {"action_time": "2020-04-01T19:19:23.817Z", "user": 1, "content_type": 12, "object_id": "10", "object_repr": "Zout", "action_flag": 1, "change_message": "[{\"added\": {}}]"}}, {"model": "admin.logentry", "pk": 13, "fields": {"action_time": "2020-04-01T19:20:22.980Z", "user": 1, "content_type": 11, "object_id": "2", "object_repr": "Appeltaart", "action_flag": 1, "change_message": "[{\"added\": {}}, {\"added\": {\"name\": \"recipe ingredient\", \"object\": \"RecipeIngredient object (7)\"}}, {\"added\": {\"name\": \"recipe ingredient\", \"object\": \"RecipeIngredient object (8)\"}}, {\"added\": {\"name\": \"recipe ingredient\", \"object\": \"RecipeIngredient object (9)\"}}, {\"added\": {\"name\": \"recipe ingredient\", \"object\": \"RecipeIngredient object (10)\"}}, {\"added\": {\"name\": \"recipe ingredient\", \"object\": \"RecipeIngredient object (11)\"}}, {\"added\": {\"name\": \"recipe ingredient\", \"object\": \"RecipeIngredient object (12)\"}}, {\"added\": {\"name\": \"recipe ingredient\", \"object\": \"RecipeIngredient object (13)\"}}, {\"added\": {\"name\": \"recipe ingredient\", \"object\": \"RecipeIngredient object (14)\"}}]"}}, {"model": "admin.logentry", "pk": 14, "fields": {"action_time": "2020-04-02T11:35:35.246Z", "user": 1, "content_type": 11, "object_id": "1", "object_repr": "Pannekoeken", "action_flag": 2, "change_message": "[{\"added\": {\"name\": \"recipe step\", \"object\": \"RecipeStep object (1)\"}}, {\"added\": {\"name\": \"recipe step\", \"object\": \"RecipeStep object (2)\"}}, {\"added\": {\"name\": \"recipe step\", \"object\": \"RecipeStep object (3)\"}}, {\"added\": {\"name\": \"recipe step\", \"object\": \"RecipeStep object (4)\"}}, {\"added\": {\"name\": \"recipe step\", \"object\": \"RecipeStep object (5)\"}}]"}}, {"model": "admin.logentry", "pk": 15, "fields": {"action_time": "2020-04-02T13:23:42.550Z", "user": 1, "content_type": 11, "object_id": "1", "object_repr": "Pannekoeken", "action_flag": 2, "change_message": "[{\"changed\": {\"fields\": [\"Image\"]}}]"}}, {"model": "admin.logentry", "pk": 16, "fields": {"action_time": "2020-04-02T13:34:02.567Z", "user": 1, "content_type": 11, "object_id": "1", "object_repr": "Pannekoeken", "action_flag": 2, "change_message": "[{\"changed\": {\"fields\": [\"Image\"]}}]"}}, {"model": "admin.logentry", "pk": 17, "fields": {"action_time": "2020-04-02T13:36:15.723Z", "user": 1, "content_type": 11, "object_id": "1", "object_repr": "Pannekoeken", "action_flag": 2, "change_message": "[{\"changed\": {\"fields\": [\"Image\"]}}]"}}, {"model": "admin.logentry", "pk": 18, "fields": {"action_time": "2020-04-02T18:18:29.872Z", "user": 1, "content_type": 12, "object_id": "2", "object_repr": "Halfvolle Melk", "action_flag": 2, "change_message": "[{\"changed\": {\"fields\": [\"Calories\", \"Fat\", \"Fat saturated\", \"Carbs\", \"Carbs sugar\", \"Proteine\"]}}]"}}, {"model": "admin.logentry", "pk": 19, "fields": {"action_time": "2020-04-02T18:22:10.439Z", "user": 1, "content_type": 12, "object_id": "2", "object_repr": "Halfvolle Melk", "action_flag": 2, "change_message": "[{\"changed\": {\"fields\": [\"Default unit\"]}}]"}}, {"model": "admin.logentry", "pk": 20, "fields": {"action_time": "2020-04-02T20:43:46.792Z", "user": 1, "content_type": 11, "object_id": "1", "object_repr": "Pannekoeken", "action_flag": 2, "change_message": "[{\"changed\": {\"fields\": [\"Is public\"]}}]"}}, {"model": "admin.logentry", "pk": 21, "fields": {"action_time": "2020-04-02T20:52:11.932Z", "user": 1, "content_type": 13, "object_id": "2", "object_repr": "test", "action_flag": 1, "change_message": "[{\"added\": {}}]"}}, {"model": "admin.logentry", "pk": 22, "fields": {"action_time": "2020-04-02T21:11:38.494Z", "user": 1, "content_type": 12, "object_id": "11", "object_repr": "rozijnen", "action_flag": 1, "change_message": "[{\"added\": {}}]"}}, {"model": "admin.logentry", "pk": 23, "fields": {"action_time": "2020-04-02T21:11:47.977Z", "user": 1, "content_type": 12, "object_id": "12", "object_repr": "rum", "action_flag": 1, "change_message": "[{\"added\": {}}]"}}, {"model": "admin.logentry", "pk": 24, "fields": {"action_time": "2020-04-02T21:12:22.911Z", "user": 1, "content_type": 12, "object_id": "13", "object_repr": "Vaniilestokje", "action_flag": 1, "change_message": "[{\"added\": {}}]"}}, {"model": "admin.logentry", "pk": 25, "fields": {"action_time": "2020-04-02T21:12:37.372Z", "user": 1, "content_type": 12, "object_id": "14", "object_repr": "Oud wit brood", "action_flag": 1, "change_message": "[{\"added\": {}}]"}}, {"model": "admin.logentry", "pk": 26, "fields": {"action_time": "2020-04-02T21:12:48.929Z", "user": 1, "content_type": 12, "object_id": "15", "object_repr": "Kaneelpoedr", "action_flag": 1, "change_message": "[{\"added\": {}}]"}}, {"model": "admin.logentry", "pk": 27, "fields": {"action_time": "2020-04-02T21:13:16.225Z", "user": 1, "content_type": 12, "object_id": "16", "object_repr": "Bruine Suiker", "action_flag": 1, "change_message": "[{\"added\": {}}]"}}, {"model": "admin.logentry", "pk": 28, "fields": {"action_time": "2020-04-02T21:14:12.826Z", "user": 1, "content_type": 12, "object_id": "17", "object_repr": "Peperkoek", "action_flag": 1, "change_message": "[{\"added\": {}}]"}}, {"model": "admin.logentry", "pk": 29, "fields": {"action_time": "2020-04-02T21:14:27.185Z", "user": 1, "content_type": 12, "object_id": "18", "object_repr": "Witte Chocolade", "action_flag": 1, "change_message": "[{\"added\": {}}]"}}, {"model": "admin.logentry", "pk": 30, "fields": {"action_time": "2020-04-02T21:14:37.710Z", "user": 1, "content_type": 12, "object_id": "19", "object_repr": "Zout", "action_flag": 1, "change_message": "[{\"added\": {}}]"}}, {"model": "admin.logentry", "pk": 31, "fields": {"action_time": "2020-04-02T21:14:46.328Z", "user": 1, "content_type": 12, "object_id": "20", "object_repr": "Boter", "action_flag": 1, "change_message": "[{\"added\": {}}]"}}, {"model": "admin.logentry", "pk": 32, "fields": {"action_time": "2020-04-02T21:15:06.918Z", "user": 1, "content_type": 12, "object_id": "21", "object_repr": "Bloemsuiker", "action_flag": 1, "change_message": "[{\"added\": {}}]"}}, {"model": "admin.logentry", "pk": 33, "fields": {"action_time": "2020-04-02T21:18:49.053Z", "user": 1, "content_type": 11, "object_id": "3", "object_repr": "Broodpudding", "action_flag": 1, "change_message": "[{\"added\": {}}, {\"added\": {\"name\": \"recipe step\", \"object\": \"RecipeStep object (6)\"}}, {\"added\": {\"name\": \"recipe step\", \"object\": \"RecipeStep object (7)\"}}, {\"added\": {\"name\": \"recipe step\", \"object\": \"RecipeStep object (8)\"}}, {\"added\": {\"name\": \"recipe step\", \"object\": \"RecipeStep object (9)\"}}, {\"added\": {\"name\": \"recipe step\", \"object\": \"RecipeStep object (10)\"}}, {\"added\": {\"name\": \"recipe step\", \"object\": \"RecipeStep object (11)\"}}, {\"added\": {\"name\": \"recipe step\", \"object\": \"RecipeStep object (12)\"}}, {\"added\": {\"name\": \"recipe step\", \"object\": \"RecipeStep object (13)\"}}, {\"added\": {\"name\": \"recipe step\", \"object\": \"RecipeStep object (14)\"}}, {\"added\": {\"name\": \"recipe step\", \"object\": \"RecipeStep object (15)\"}}, {\"added\": {\"name\": \"recipe step\", \"object\": \"RecipeStep object (16)\"}}, {\"added\": {\"name\": \"recipe step\", \"object\": \"RecipeStep object (17)\"}}, {\"added\": {\"name\": \"recipe step\", \"object\": \"RecipeStep object (18)\"}}, {\"added\": {\"name\": \"recipe step\", \"object\": \"RecipeStep object (19)\"}}, {\"added\": {\"name\": \"recipe step\", \"object\": \"RecipeStep object (20)\"}}, {\"added\": {\"name\": \"recipe step\", \"object\": \"RecipeStep object (21)\"}}, {\"added\": {\"name\": \"recipe step\", \"object\": \"RecipeStep object (22)\"}}, {\"added\": {\"name\": \"recipe ingredient\", \"object\": \"RecipeIngredient object (15)\"}}, {\"added\": {\"name\": \"recipe ingredient\", \"object\": \"RecipeIngredient object (16)\"}}, {\"added\": {\"name\": \"recipe ingredient\", \"object\": \"RecipeIngredient object (17)\"}}, {\"added\": {\"name\": \"recipe ingredient\", \"object\": \"RecipeIngredient object (18)\"}}, {\"added\": {\"name\": \"recipe ingredient\", \"object\": \"RecipeIngredient object (19)\"}}, {\"added\": {\"name\": \"recipe ingredient\", \"object\": \"RecipeIngredient object (20)\"}}, {\"added\": {\"name\": \"recipe ingredient\", \"object\": \"RecipeIngredient object (21)\"}}, {\"added\": {\"name\": \"recipe ingredient\", \"object\": \"RecipeIngredient object (22)\"}}, {\"added\": {\"name\": \"recipe ingredient\", \"object\": \"RecipeIngredient object (23)\"}}, {\"added\": {\"name\": \"recipe ingredient\", \"object\": \"RecipeIngredient object (24)\"}}, {\"added\": {\"name\": \"recipe ingredient\", \"object\": \"RecipeIngredient object (25)\"}}, {\"added\": {\"name\": \"recipe ingredient\", \"object\": \"RecipeIngredient object (26)\"}}, {\"added\": {\"name\": \"recipe ingredient\", \"object\": \"RecipeIngredient object (27)\"}}, {\"added\": {\"name\": \"recipe ingredient\", \"object\": \"RecipeIngredient object (28)\"}}]"}}, {"model": "admin.logentry", "pk": 34, "fields": {"action_time": "2020-04-02T21:19:56.446Z", "user": 1, "content_type": 11, "object_id": "3", "object_repr": "Broodpudding", "action_flag": 2, "change_message": "[{\"changed\": {\"name\": \"recipe ingredient\", \"object\": \"RecipeIngredient object (22)\", \"fields\": [\"Unit\"]}}]"}}, {"model": "admin.logentry", "pk": 35, "fields": {"action_time": "2020-04-02T21:20:09.528Z", "user": 1, "content_type": 11, "object_id": "1", "object_repr": "Pannekoeken", "action_flag": 2, "change_message": "[{\"changed\": {\"name\": \"recipe ingredient\", \"object\": \"RecipeIngredient object (3)\", \"fields\": [\"Unit\"]}}]"}}, {"model": "admin.logentry", "pk": 36, "fields": {"action_time": "2020-04-02T21:22:46.099Z", "user": 1, "content_type": 11, "object_id": "3", "object_repr": "Broodpudding", "action_flag": 2, "change_message": "[{\"changed\": {\"name\": \"recipe ingredient\", \"object\": \"RecipeIngredient object (16)\", \"fields\": [\"Amount\", \"Unit\"]}}]"}}, {"model": "admin.logentry", "pk": 37, "fields": {"action_time": "2020-04-02T21:33:32.891Z", "user": 1, "content_type": 11, "object_id": "2", "object_repr": "Appeltaart", "action_flag": 2, "change_message": "[{\"added\": {\"name\": \"recipe step\", \"object\": \"RecipeStep object (23)\"}}, {\"added\": {\"name\": \"recipe step\", \"object\": \"RecipeStep object (24)\"}}, {\"added\": {\"name\": \"recipe step\", \"object\": \"RecipeStep object (25)\"}}, {\"added\": {\"name\": \"recipe step\", \"object\": \"RecipeStep object (26)\"}}, {\"added\": {\"name\": \"recipe step\", \"object\": \"RecipeStep object (27)\"}}, {\"added\": {\"name\": \"recipe step\", \"object\": \"RecipeStep object (28)\"}}, {\"added\": {\"name\": \"recipe step\", \"object\": \"RecipeStep object (29)\"}}, {\"added\": {\"name\": \"recipe step\", \"object\": \"RecipeStep object (30)\"}}, {\"added\": {\"name\": \"recipe step\", \"object\": \"RecipeStep object (31)\"}}, {\"added\": {\"name\": \"recipe step\", \"object\": \"RecipeStep object (32)\"}}, {\"added\": {\"name\": \"recipe step\", \"object\": \"RecipeStep object (33)\"}}]"}}]